{
	"QMainWindow":[
		{
			"tittle":"Noman's App",
			"icon":":/icons/icons/github.svg",
			"frameless": true,
			"transluscentBg": true,
			"sizeGrip": "size_grip",
			
			"navigation":[
				{
					"minimize":"minimizeBtn",
					"close": "closeBtn",
					"restore":[
						{	
							"buttonName": "restoreBtn",
							"normalIcon": ":/icons/icons/square.svg",
							"maximizedIcon": ":/icons/icons/copy.svg"
						}
					],
					"moveWindow": "headerContainer",
					"tittleBar": "headerContainer"
				}
			]
		}
	]
}